"MATCHUP","COMMON_NAME","CPUE_KGKM2_44","CPUE_KGKM2_172","CPUE_NOKM2_44","CPUE_NOKM2_172","NUMBER_FISH_44","NUMBER_FISH_172","WEIGHT_44","WEIGHT_172","AREA_SWEPT_KM2_44","AREA_SWEPT_KM2_172","CPUE_LOG_RATIO","log_44","log_172"
10,"walleye pollock",276.795403537937,415.916259833212,361.261869129688,516.208123906468,21,21,16.09,16.92,0.058129578,0.040681266,0.407205323630055,5.62688488424361,6.03288538588493
10,"sablefish",2970.260682092,3627.22241731612,1995.5417532878,2408.97124489685,116,98,172.66,147.56,0.058129578,0.040681266,0.199817460377368,7.9967416138188,8.1964981151211
10,"Pacific ocean perch",171.169314182876,452.788268683674,240.841246086459,639.114820074675,14,26,9.95,18.42,0.058129578,0.040681266,0.97277141011293,5.14847837740864,6.11763072071955
10,"shortspine thornyhead",280.752081152215,532.923434585345,516.088384470983,811.184194710165,30,33,16.32,21.68,0.058129578,0.040681266,0.640905757491755,5.64102753941333,6.28025244775385
10,"Greenland turbot",387.238317814728,219.757172748754,189.23240763936,98.3253569345654,11,4,22.51,8.94,0.058129578,0.040681266,-0.566517135276948,5.96161937223863,5.39706333158928
10,"arrowtooth flounder",3024.44996246145,0,2924.50084533557,0,170,0,175.81,0,0.058129578,0,-Inf,8.01481510732421,0
10,"Kamchatka flounder",149.321572573604,0,120.420623043229,0,7,0,8.68,0,0.058129578,0,-Inf,5.01277681655664,0
10,"flathead sole",143.988659267404,146.01315504783,481.682492172918,491.626784672827,28,20,8.37,5.94,0.058129578,0.040681266,0.0139621793294398,4.97665552741292,4.99052207289602
10,"skates",707.385145648228,460.162670453766,189.23240763936,196.650713869131,11,8,41.12,18.72,0.058129578,0.040681266,-0.429995219641194,6.56298793681281,6.13375084507955
7,"walleye pollock",903.227315343018,680.062103604782,1313.44623208714,1012.35164284425,62,34,42.636,22.84,0.047204064,0.033585168,-0.283790132398651,6.80708078380812,6.52365349671221
7,"sablefish",13365.1204269192,5732.88780333033,10189.8006069986,4287.60695792857,481,144,630.888,192.54,0.047204064,0.033585168,-0.846428976758641,9.500478457975,8.65414907934053
7,"Pacific ocean perch",357.553959760753,476.996274069554,550.800032810734,714.601159654762,26,24,16.878,16.02,0.047204064,0.033585168,0.288222392544869,5.88207916408507,6.16960293762751
7,"BS/RE rockfish",153.122409121384,0,233.030783112234,0,11,0,7.228,0,0.047204064,0,-Inf,5.03774715110078,0
7,"Greenland turbot",160.897163430674,501.411813691091,84.7384665862668,178.65028991369,4,6,7.595,16.84,0.047204064,0.033585168,1.13666232240687,5.08696134002778,6.21942012939005
7,"arrowtooth flounder",5034.65125375646,3791.55465293489,6694.33886031508,5508.38393900546,316,185,237.656,127.34,0.047204064,0.033585168,-0.28356812572429,8.52429814212223,8.2407951219125
7,"Kamchatka flounder",244.851799201018,138.7517251663,317.769249698501,148.875241594742,15,5,11.558,4.66,0.047204064,0.033585168,-0.567966940117601,5.50472891211882,4.93986745661948
7,"flathead sole",228.539644383162,143.515732897331,550.800032810734,387.075628146329,26,13,10.788,4.82,0.047204064,0.033585168,-0.465265027574544,5.43607575699264,4.97338837980791
7,"skates",828.149033947585,469.254761506627,487.246182871034,178.65028991369,23,6,39.092,15.76,0.047204064,0.033585168,-0.568047308406426,6.72039991454767,6.15327459360915
2,"walleye pollock",949.931897402388,1154.18286922494,1218.74583786799,1565.51399815085,53,51,41.31,37.6,0.043487328,0.03257716,0.194757604966487,6.8574424484169,7.05201393875657
2,"Pacific cod",501.985313974682,514.470874686437,252.947249368828,153.481764524593,11,5,21.83,16.76,0.043487328,0.03257716,0.0245680804713958,6.22056097280408,6.24508080270751
2,"sablefish",747.574097907326,444.483190063222,597.875316689956,368.356234859024,26,12,32.51,14.48,0.043487328,0.03257716,-0.519921191378932,6.61817019416015,6.09915951345648
2,"Pacific ocean perch",573.040495842835,0,804.832157082633,0,35,0,24.92,0,0.043487328,0,-Inf,6.35269994407986,0
2,"BS/RE rockfish",20.0058279046255,0,22.9952044880752,0,1,0,0.87,0,0.043487328,0,-Inf,3.04479991848995,0
2,"Greenland turbot",51.0033635545509,104.367599876723,22.9952044880752,61.3927058098373,1,2,2.218,3.4,0.043487328,0.03257716,0.716027698673252,3.95130840023089,4.65745518730061
2,"arrowtooth flounder",2762.41391515248,1243.8162197073,3449.28067321129,1811.0848213902,150,59,120.13,40.52,0.043487328,0.03257716,-0.79792065437349,7.92422212012863,7.12674318330976
2,"Kamchatka flounder",467.768449696427,131.380390433052,712.851339130332,184.178117429512,31,6,20.342,4.28,0.043487328,0.03257716,-1.26987654863039,6.15010893586244,4.88567952402207
2,"flathead sole",64.1566205217299,51.5698728802633,229.952044880752,153.481764524593,10,5,2.79,1.68,0.043487328,0.03257716,-0.218389646438796,4.17679391808145,3.96214319672425
2,"skates",1277.38360931258,1087.26481989222,965.79858849916,583.230705193455,42,19,55.55,35.42,0.043487328,0.03257716,-0.16114872775164,7.15335175367871,6.99233979843499
20,"walleye pollock",5584.89468515279,5250.18449940812,8275.86367913964,8361.52329485772,397,314,267.912,197.16,0.047970824,0.037552966,-0.0618023568811111,8.62799989297129,8.56620894907242
20,"Pacific cod",1631.15813895546,619.391821141371,687.918139575839,399.435826187471,33,15,78.248,23.26,0.047970824,0.037552966,-0.968307493235421,7.39765842969943,6.43035124801331
20,"sablefish",377.521136597529,143.796897427489,270.998054984421,106.516220316659,13,4,18.11,5.4,0.047970824,0.037552966,-0.965224688662841,5.93627191437654,4.97533205311633
20,"Pacific ocean perch",445.270650343634,565.601129881459,687.918139575839,798.871652374942,33,30,21.36,21.24,0.047970824,0.037552966,0.239206811943997,6.10092560730303,6.33965558153749
20,"BS/RE rockfish",17.7191035951352,33.0200282981642,20.8460042295709,26.6290550791647,1,1,0.85,1.24,0.047970824,0.037552966,0.622470938776973,2.92954458502767,3.52694941877702
20,"arrowtooth flounder",960.792334940922,437.249084399885,1229.91424954468,745.613542216612,59,28,46.09,16.42,0.047970824,0.037552966,-0.787255273045882,6.86879855931807,6.08278743458042
20,"Kamchatka flounder",176.774115866761,134.743018700573,312.690063443563,106.516220316659,15,4,8.48,5.06,0.047970824,0.037552966,-0.271503336842185,5.18051373243004,4.91076352987151
20,"flathead sole",70.4594942959496,20.7174048515902,145.922029606996,53.2581101583294,7,2,3.38,0.778,0.047970824,0.037552966,-1.22406383463642,4.26913077582728,3.07811400595621
20,"skates",2149.63995615335,796.741327968608,583.688118427985,266.290550791647,28,10,103.12,29.92,0.047970824,0.037552966,-0.992525575862403,7.67352073085635,6.68178439448643
1,"walleye pollock",2385.69069063704,1986.27865181226,3040.7426831559,2597.40361574266,160,106,125.532,81.06,0.052618724,0.040809984,-0.183225816323056,7.7776630371453,7.59452147016902
1,"Pacific cod",229.728109712429,243.567848495113,95.023208848622,98.0152307827418,5,4,12.088,9.94,0.052618724,0.040809984,0.0584990643244495,5.44124000306462,5.49949276937673
1,"sablefish",349.191287876916,226.415183108134,285.069626545866,196.030461565484,15,8,18.374,9.24,0.052618724,0.040809984,-0.433249467569277,5.85847954197781,5.42677734737308
1,"Pacific ocean perch",200.822049580678,139.671703865407,285.069626545866,220.534269261169,15,9,10.567,5.7,0.052618724,0.040809984,-0.363124493991984,5.30738636647326,4.94642883419648
1,"arrowtooth flounder",8430.07899621435,2580.25095035568,15260.7273410887,4410.68538522338,803,180,443.58,105.3,0.052618724,0.040809984,-1.18391948103073,9.03968003761124,7.85602942488581
1,"Kamchatka flounder",1360.75135535404,429.796786982323,2280.55701236693,588.091384696451,120,24,71.601,17.54,0.052618724,0.040809984,-1.15247978477907,7.21652691156642,6.06563648699612
1,"flathead sole",726.680487348952,565.057805462506,1786.43632635409,1445.72465404544,94,59,38.237,23.06,0.052618724,0.040809984,-0.251558849755527,6.58986206085165,6.3386962027807
1,"skates",8.41905630398791,48.1254783143262,76.0185670788976,49.0076153913709,4,2,0.443,1.964,0.052618724,0.040809984,1.74331398749568,2.24273490352617,3.89437780682042
9,"walleye pollock",192.895641444454,601.067055343418,213.196705513949,716.978594843044,9,27,8.143,22.635,0.042214536,0.037658028,1.13655717650233,5.26732008362801,6.40036882671933
9,"sablefish",8399.23954156455,5886.55359223802,5874.75366305104,3638.00249975915,248,137,354.57,221.676,0.042214536,0.037658028,-0.355470473228356,9.03601550127773,8.68059584099883
9,"Pacific ocean perch",398.677839311085,497.636254346616,592.213070872081,637.31430652715,25,24,16.83,18.74,0.042214536,0.037658028,0.221715726706964,5.99065882087547,6.21187688073369
9,"shortspine thornyhead",93.3327799694399,199.957363672893,94.7540913395329,185.883339403752,4,7,3.94,7.53,0.042214536,0.037658028,0.761932776601363,4.54682874290958,5.30309276452785
9,"Greenland turbot",160.608184820508,575.282380691841,71.0655685046497,238.992864947681,3,9,6.78,21.664,0.042214536,0.037658028,1.27589325287696,5.08517479344616,6.3565977848221
9,"arrowtooth flounder",14866.869554127,21149.8594668845,16416.1463245741,27723.172333931,693,1044,627.598,796.462,0.042214536,0.037658028,0.352498043475082,9.60695775777945,9.9594358203809
9,"Kamchatka flounder",38.2806529011713,441.685369186087,94.7540913395329,637.31430652715,4,24,1.616,16.633,0.042214536,0.037658028,2.4456531718089,3.67073210506837,6.09285929014314
9,"flathead sole",595.245201794946,897.577536455175,1539.75398426741,1938.49768235341,65,73,25.128,33.801,0.042214536,0.037658028,0.410726083713196,6.3906519948661,6.80081299794298
9,"skates",241.38604768746,562.987525528421,189.508182679066,504.540492667327,8,19,10.19,21.201,0.042214536,0.037658028,0.846859961241596,5.49053169349344,6.33503213339605
8,"walleye pollock",403.335562477049,248.535803114509,534.76413179007,437.734291199722,26,18,19.61,10.22,0.048619566,0.041120836,-0.484181964631852,6.00224513339442,5.51960240435346
8,"Pacific cod",52.8593776423261,63.957843658626,20.567851222695,24.3185717333179,1,1,2.57,2.63,0.048619566,0.041120836,0.190589038083389,3.98637653221692,4.17373850039215
8,"sablefish",6816.92633784514,2793.54729072142,4751.17363244254,1896.84859519879,231,78,331.436,114.873,0.048619566,0.041120836,-0.892096468050334,8.82731064856866,7.93542540135111
8,"Pacific ocean perch",484.989931831148,499.017091967683,678.739090348935,705.238580266218,33,29,23.58,20.52,0.048619566,0.041120836,0.0285122159941885,6.18618790728909,6.2146422817733
8,"BS/RE rockfish",37.022132200851,89.9057596980762,20.567851222695,72.9557151999536,1,3,1.8,3.697,0.048619566,0.041120836,0.887246105853221,3.63816841652018,4.50982336219122
8,"shortspine thornyhead",11.1066396602553,39.6392719253081,20.567851222695,24.3185717333179,1,1,0.54,1.63,0.048619566,0.041120836,1.27227724504333,2.49375403435671,3.70473488788603
8,"Greenland turbot",155.287276731347,239.513613001448,61.703553668085,121.592858666589,3,5,7.55,9.849,0.048619566,0.041120836,0.433333454727477,5.05169583124358,5.48277669086055
8,"arrowtooth flounder",16670.4079588041,7906.59995336671,24331.7679964482,9022.19011306093,1183,371,810.508,325.126,0.048619566,0.041120836,-0.745937321272327,9.72145043281436,8.97557959542451
8,"Kamchatka flounder",558.49943210106,363.416735982702,534.76413179007,340.46000426645,26,14,27.154,14.944,0.048619566,0.041120836,-0.429703392890758,6.32704251273995,5.89829809183584
8,"flathead sole",2797.78309826953,2012.36181093205,7281.01933283403,4936.67006186353,354,203,136.027,82.75,0.048619566,0.041120836,-0.329518290385444,7.93693999393309,7.60756114666339
8,"skates",1927.61901659097,2179.35744302475,493.62842934468,340.46000426645,24,14,93.72,89.617,0.048619566,0.041120836,0.122744511288125,7.56455949033617,7.68724410703265
3,"walleye pollock",1141.64129934336,460.945532531087,1631.55471519313,782.433754670842,73,34,51.08,20.03,0.0447426,0.043454158,-0.906942356903572,7.04109779069522,6.13544698917723
3,"Pacific cod",912.32963663265,1238.54660812896,424.651227242047,529.293422277334,19,23,40.82,53.82,0.0447426,0.043454158,0.305692512500101,6.81709686322332,7.12250095313131
3,"sablefish",58.1101679383853,74.7914618435364,67.05019377506,46.0255149806378,3,2,2.6,3.25,0.0447426,0.043454158,0.25236307589725,4.07940295594856,4.32798564571731
3,"Pacific ocean perch",116.220335876771,175.817467226036,134.10038755012,184.102059922551,6,8,5.2,7.64,0.0447426,0.043454158,0.413958502174087,4.76405537639796,5.17511794185084
3,"arrowtooth flounder",2370.11259962541,1339.57261351146,2614.95755722734,1219.6761469869,117,53,106.045,58.21,0.0447426,0.043454158,-0.570586846460626,7.77111457529012,7.20085212518428
3,"Kamchatka flounder",63.5859337633486,98.0343469087584,111.750322958433,92.0510299612755,5,4,2.845,4.26,0.0447426,0.043454158,0.432925617286025,4.16799664347756,4.59546672843766
3,"flathead sole",443.872282790897,355.455052195465,1765.65510274325,1357.75269192881,79,59,19.86,15.446,0.0447426,0.043454158,-0.222138063886915,6.09778723600816,5.87620815110736
3,"skates",988.543356890301,1278.77290822204,424.651227242047,598.331694748291,19,26,44.23,55.568,0.0447426,0.043454158,0.257423728704523,6.89724358105116,7.15443792572215
4,"walleye pollock",416.065711884671,767.852639657914,668.714353606705,1425.36045172962,32,65,19.91,35.016,0.047853018,0.0456025,0.612754630243872,6.03324379184124,6.64489932521056
4,"Pacific cod",100.72509951201,473.088098240228,62.6919706506285,241.21484567732,3,11,4.82,21.574,0.047853018,0.0456025,1.54688660632211,4.62227407213264,6.16139316569132
4,"sablefish",99.6802333344994,137.492462036073,83.5892942008381,87.7144893372074,4,4,4.77,6.27,0.047853018,0.0456025,0.321601698175963,4.61194948784984,4.93081589841393
4,"Pacific ocean perch",1622.05025396726,2130.58494600077,1629.99123691634,2170.93361109588,78,99,77.62,97.16,0.047853018,0.0456025,0.272705626624594,7.39206253066262,7.66462108809743
4,"shortspine thornyhead",33.6446909158373,41.0065237651445,20.8973235502095,21.9286223343018,1,1,1.61,1.87,0.047853018,0.0456025,0.197875900301507,3.54514449357432,3.7378249339628
4,"arrowtooth flounder",1179.44494117383,1068.58176635053,1212.04476591215,1074.50249438079,58,49,56.44,48.73,0.047853018,0.0456025,-0.0987116216978155,7.07364671517852,6.97502297847576
4,"flathead sole",587.841711467394,814.429033495971,2653.96009087661,3464.72232881969,127,158,28.13,37.14,0.047853018,0.0456025,0.326029581854177,6.37815740639227,6.70371439619714
4,"skates",559.421351439109,1530.31083822159,125.383941301257,307.000712680226,6,14,26.77,69.786,0.047853018,0.0456025,1.00632320748408,6.32868891409235,7.33387940458727
11,"walleye pollock",417.972273669632,419.592005798902,708.08468433868,786.993890442166,35,38,20.66,20.26,0.049429116,0.048285,0.00386772499292481,6.03780474510646,6.0416632564282
11,"Pacific cod",525.19652586949,508.439473956715,242.771891773262,227.814020917469,12,11,25.96,24.55,0.049429116,0.048285,-0.0324263477314796,6.26567476628392,6.23331105062418
11,"sablefish",77.6870053674437,29.4087190638915,60.6929729433154,20.7103655379517,3,1,3.84,1.42,0.049429116,0.048285,-0.971396805122586,4.36547802574756,3.41472937860189
11,"Pacific ocean perch",4389.92273299,4013.25463394429,4592.43495271087,4390.59749404577,227,212,216.99,193.78,0.049429116,0.048285,-0.089709084708561,8.3872946737296,8.29760696380274
11,"arrowtooth flounder",539.762839375885,622.34648441545,647.391711395365,662.731697214456,32,32,26.68,30.05,0.049429116,0.048285,0.142367129797674,6.29298080819602,6.43510251895066
11,"flathead sole",283.233873735472,506.492699596148,1699.40324241283,3479.34141037589,84,168,14,24.456,0.049429116,0.048285,0.581236944837155,5.64979739834045,6.22948232578026
11,"skates",243.176511592884,884.12550481516,40.4619819622103,186.393289841566,2,9,12.02,42.69,0.049429116,0.048285,1.29081146152669,5.49789137192719,6.78572944830383
5,"walleye pollock",118.35669917126,173.680635604752,182.087229494247,221.249217330894,9,10,5.85,7.85,0.04942686,0.0451979,0.383515246094185,4.78211648167678,5.16295936729148
5,"Pacific cod",47.1403605246216,297.580197310052,20.2319143882496,199.124295597804,1,9,2.33,13.45,0.04942686,0.0451979,1.84255421401387,3.87412092141333,5.69903856445332
5,"sablefish",133.328315818565,93.3671697136372,60.6957431647489,66.3747651992681,3,3,6.59,4.22,0.04942686,0.0451979,-0.356274844922862,4.90028692135444,4.54719323420527
5,"Pacific ocean perch",643.172558402456,73613.3979676047,687.885089200487,87658.9399065001,34,3962,31.79,3327.171,0.04942686,0.0451979,4.74016927297413,6.46796663804265,11.2065959101448
5,"arrowtooth flounder",800.172214055273,638.857115042956,930.668061859483,1172.62085185374,46,53,39.55,28.875,0.04942686,0.0451979,-0.225146149828072,6.68607592277999,6.46124489368262
5,"Kamchatka flounder",78.7021469702911,0,20.2319143882496,0,1,0,3.89,0,0.04942686,0,-Inf,4.37829652358003,0
5,"flathead sole",815.669860476672,2601.42617245492,4228.47010714417,10509.3378232175,209,475,40.316,117.579,0.04942686,0.0451979,1.15980541114118,6.70523492565078,7.86419943215396
5,"skates",265.8473550616,1176.82458698302,60.6957431647489,176.999373864715,3,8,13.14,53.19,0.04942686,0.0451979,1.4876527712414,5.58667679102613,7.07142444563901
17,"walleye pollock",52.9612351355467,93.911695653165,60.8749829144215,205.146907980215,3,9,2.61,4.12,0.049281328,0.043871,0.572794699402154,3.98826592091351,4.55294693988909
17,"sablefish",1669.59786473287,1797.54279592441,811.666438858953,957.352237241002,40,42,82.28,78.86,0.049281328,0.043871,0.0738378210400458,7.42093684417713,7.49473205819559
17,"Pacific ocean perch",233.151184562234,867.543479747441,284.083253600634,1094.11684256115,14,48,11.49,38.06,0.049281328,0.043871,1.31397852738266,5.45596699460558,6.76681764746483
17,"BS/RE rockfish",27.6372422431474,132.889608169406,40.5833219429476,113.970504433453,2,5,1.362,5.83,0.049281328,0.043871,1.5703545500104,3.35470804706333,4.89701564079373
17,"shortspine thornyhead",3054.30080942624,5023.36395340886,7081.78967904436,16958.8110596977,349,744,150.52,220.38,0.049281328,0.043871,0.497549120709716,8.02463333138235,8.52205414847976
17,"arrowtooth flounder",2936.28450921615,3032.25365275467,2800.24921406339,2940.43901438308,138,129,144.704,133.028,0.049281328,0.043871,0.0321611130998046,7.98524079719683,8.01739113516918
17,"Kamchatka flounder",327.426241435702,176.699870073625,304.374914572107,113.970504433453,15,5,16.136,7.752,0.049281328,0.043871,-0.616810168688124,5.79431228131555,5.1800960040046
17,"flathead sole",668.813145619777,1167.87855303048,1359.54128508875,2530.14519842265,67,111,32.96,51.236,0.049281328,0.043871,0.55743946230294,6.5069987863541,7.06380006645196
17,"skates",254.660345191996,589.455448929817,81.1666438858953,182.352807093524,4,8,12.55,25.86,0.049281328,0.043871,0.83926846514124,5.54384978693843,6.38089418644034
12,"walleye pollock",199.894492858173,257.68967874231,295.514561775546,341.763499658237,14,15,9.47,11.31,0.047374992,0.04389,0.25396637376704,5.30277985909162,5.55562919176799
12,"sablefish",4064.86612177159,2689.04078377763,2005.27738347692,1367.05399863295,95,60,192.573,118.022,0.047374992,0.04389,-0.413196264018307,8.31038206737262,7.89731163373658
12,"Pacific ocean perch",196.728265410578,149.236728184097,274.406378791579,205.058099794942,13,9,9.32,6.55,0.047374992,0.04389,-0.276289588213341,5.2868936911791,5.01221223796042
12,"BS/RE rockfish",478.311426416705,779.220779220779,358.839110727449,524.037366142629,17,23,22.66,34.2,0.047374992,0.04389,0.488032379305697,6.1723505456826,6.65957692991551
12,"shortspine thornyhead",2286.01621716369,5548.05194805195,5741.42577163918,16176.8056504899,272,710,108.3,243.504,0.047374992,0.04389,0.886636206322497,7.73500328501805,8.62138237197823
12,"Greenland turbot",150.923508335368,100.706311232627,63.3245489519027,45.5684666210982,3,2,7.15,4.42,0.047374992,0.04389,-0.404564669779311,5.0233771595455,4.62208935848034
12,"arrowtooth flounder",758.839178273634,1798.58737753475,548.812757583157,1025.29049897471,26,45,35.95,78.94,0.047374992,0.04389,0.862966976904643,6.63310680335365,7.49531268290305
12,"Kamchatka flounder",925.804905676818,918.569150148098,569.920940567125,478.468899521531,27,21,43.86,40.316,0.047374992,0.04389,-0.00784633966011241,6.83174308567846,6.82390524529293
12,"flathead sole",779.736279427762,987.195260879472,1329.81552798996,1777.17019822283,63,78,36.94,43.328,0.047374992,0.04389,0.235912093355714,6.66023742242922,6.89588031069025
12,"skates",47.2823298840874,854.180906812486,21.1081829839676,113.921166552746,1,5,2.24,37.49,0.047374992,0.04389,2.89400635571787,3.87706565281325,6.75131303347059
18,"walleye pollock",69.6611229373018,14.0894915954517,81.0013057410486,23.7998168842089,4,1,3.44,0.592,0.04938192,0.04201713,-1.59821314245889,4.25789553392617,2.71399858072456
18,"Pacific cod",471.22509614855,291.071760493875,222.753590787884,142.798901305253,11,6,23.27,12.23,0.04938192,0.04201713,-0.481766054590569,6.15745577052536,5.67699952719145
18,"sablefish",465.757508011029,623.793200535115,303.754896528932,356.997253263133,15,15,23,26.21,0.04938192,0.04201713,0.292153774430716,6.14580986801507,6.43742071584
18,"Pacific ocean perch",17883.0835253064,8505.72135697988,19379.5623985459,7782.54012113631,957,327,883.101,357.386,0.04938192,0.04201713,-0.743116173662368,9.79166640773585,9.048611877882
18,"BS/RE rockfish",58.320940133555,171.453880833841,40.5006528705243,190.398535073671,2,8,2.88,7.204,0.04938192,0.04201713,1.07835310619041,4.08296236565316,5.15012984324005
18,"shortspine thornyhead",81.811318798459,44.2200597708601,60.7509793057864,285.597802610507,3,12,4.04,1.858,0.04938192,0.04201713,-0.615237078556861,4.41656475251304,3.81154078862825
18,"arrowtooth flounder",27073.592926318,63006.3024295091,46251.7455781387,85750.7402338046,2284,3603,1336.946,2647.344,0.04938192,0.04201713,0.844675937895459,10.2063510367171,11.051005910236
18,"Kamchatka flounder",187.902778992797,193.873308338766,141.752285046835,190.398535073671,7,8,9.279,8.146,0.04938192,0.04201713,0.0312801998797293,5.24123248584868,5.27234964658986
18,"flathead sole",2584.06315509806,2259.17381791664,6135.84890988443,5354.958798947,303,225,127.606,94.924,0.04938192,0.04201713,-0.134363847294444,7.85750521801665,7.72319699989145
18,"skates",991.253479006082,4728.07162221694,222.753590787884,642.59505587364,11,27,48.95,198.66,0.04938192,0.04201713,1.56230242483524,6.899978597836,8.4614841878489
13,"walleye pollock",284.500307144209,355.525039378154,311.042609851541,425.628568269621,15,17,13.72,14.2,0.048224904,0.039940928,0.222861347860525,5.65424310490708,5.87640447407273
13,"sablefish",6400.4274637851,3877.97699642833,3504.41340432736,2053.03191753582,169,82,308.66,154.89,0.048224904,0.039940928,-0.501051154361969,8.76427628569419,8.26332673713837
13,"Pacific ocean perch",757.285074118551,1372.92753939017,912.391655564519,1727.55124768258,44,69,36.52,54.836,0.048224904,0.039940928,0.594960862397935,6.63105940216694,7.22542873441216
13,"BS/RE rockfish",35.6662192629767,567.137548731968,20.7361739901027,475.702517477811,1,19,1.72,22.652,0.048224904,0.039940928,2.76639786297725,3.60185587513104,6.34236355266487
13,"shortspine thornyhead",2954.90479358964,4039.91614816761,9870.41881928889,13845.4469560647,476,553,142.5,161.358,0.048224904,0.039940928,0.312757504765972,7.99156007369746,8.30422671459533
13,"Greenland turbot",606.201310426663,0,228.09791389113,0,11,0,29.234,0,0.048224904,0,-Inf,6.40886038422577,0
13,"arrowtooth flounder",8194.10651392899,41378.632965163,12109.92561022,61265.4768562213,584,2447,395.16,1652.701,0.048224904,0.039940928,1.61934945759186,9.01129248852226,10.6305440813995
13,"Kamchatka flounder",446.035102527109,296.112298642635,186.625565910924,125.184873020477,9,5,21.51,11.827,0.048224904,0.039940928,-0.40965888445961,6.10263712067374,5.69411017724503
13,"flathead sole",1410.05983132698,1288.17738035531,2467.60470482222,2103.10586674401,119,84,68,51.451,0.048224904,0.039940928,-0.0904038011879157,7.25209635444565,7.16175960429815
13,"skates",120.891894362299,549.511518610684,62.2085219703081,125.184873020477,3,5,5.83,21.948,0.048224904,0.039940928,1.51413302438538,4.8031345401197,6.31084787985062
16,"walleye pollock",125.28370697515,62.5282296566244,161.656396096968,114.941598633501,8,5,6.2,2.72,0.04948768,0.043500352,-0.694962692051285,4.83853101846285,4.15148436863209
16,"Pacific cod",652.283558251266,655.856761802755,363.726891218178,321.836476173802,18,14,32.28,28.53,0.04948768,0.043500352,0.00546304151551491,6.48201127430402,6.48746597615005
16,"sablefish",28.896080802333,215.170672641913,20.207049512121,114.941598633501,1,5,1.43,9.36,0.04948768,0.043500352,2.00772556590954,3.39772739496027,5.37606824679908
16,"Pacific ocean perch",11689.1719312766,10912.8312341013,13599.3443216574,11930.9379381574,673,519,578.47,474.712,0.04948768,0.043500352,-0.0687236629816681,9.36650376190942,9.2977861843777
16,"BS/RE rockfish",121.040226577605,23.2641795634205,141.449346584847,22.9883197267001,7,1,5.99,1.012,0.04948768,0.043500352,-1.64920812157023,4.80435071643151,3.18900117076363
16,"arrowtooth flounder",2177.51165542616,1453.32157312198,2344.01774340604,1517.22910196221,116,66,107.76,63.22,0.04948768,0.043500352,-0.404331105622783,7.68639719575028,7.28229479809825
16,"Kamchatka flounder",207.728468984604,123.815090048007,242.484594145452,160.918238086901,12,7,10.28,5.386,0.04948768,0.043500352,-0.517442545945757,5.34103421582268,4.82683336247205
16,"flathead sole",998.834457384141,1382.37961844539,4304.10154608177,5816.04489085514,213,253,49.43,60.134,0.04948768,0.043500352,0.324972597746447,6.90758972266259,7.23228478311404
16,"skates",326.343849620754,233.561328423273,121.242297072726,45.9766394534003,6,2,16.15,10.16,0.04948768,0.043500352,-0.334506887826475,5.79101114632127,5.45771708215118
15,"walleye pollock",1668.27131408797,483.534861583174,1908.29737765549,735.517817619477,91,27,79.554,17.75,0.047686488,0.036708832,-1.23841981317278,7.42014247131781,6.18318938247432
15,"Pacific cod",74.654271037951,0,20.970300853357,0,1,0,3.56,0,0.047686488,0,-Inf,4.32617389651181,0
15,"sablefish",5691.21382979598,7479.3989631705,3418.1590390972,4058.96869723341,163,149,271.394,274.56,0.047686488,0.036708832,0.273228883999911,8.64685452522865,8.9200414068684
15,"Pacific ocean perch",1278.43342122406,535.239040021758,1405.01015717492,681.03501631433,67,25,60.964,19.648,0.047686488,0.036708832,-0.870677266792438,7.1541726192511,6.2845800318455
15,"BS/RE rockfish",130.644974316414,0,62.9109025600711,0,3,0,6.23,0,0.047686488,0,-Inf,4.88010871063267,0
15,"shortspine thornyhead",1258.15514029886,2546.96199541298,5661.9812304064,11768.2850819116,270,432,59.997,93.496,0.047686488,0.036708832,0.70525480092523,7.13819625147172,7.8430491011228
15,"Greenland turbot",541.453168033679,184.151868411395,230.673309386927,81.7242019577196,11,3,25.82,6.76,0.047686488,0.036708832,-1.07849578809719,6.29610175548309,5.22117639864759
15,"arrowtooth flounder",21236.7075553981,1107.09052252057,30595.6689450479,871.724820882343,1459,32,1012.704,40.64,0.047686488,0.036708832,-2.95399574963085,9.96353353899414,7.01039356299584
15,"Kamchatka flounder",1182.13779970544,1876.11526294272,1321.12895376149,1416.55283393381,63,52,56.372,68.87,0.047686488,0.036708832,0.461878795493776,7.07592534046223,7.53749144276862
15,"flathead sole",107.829286987962,1114.17328669024,230.673309386927,2397.24325742644,11,88,5.142,40.9,0.047686488,0.036708832,2.33531866147149,4.68978048007355,7.01676508589067
15,"skates",217.252316840779,61.2931514682897,41.9406017067141,27.2414006525732,2,1,10.36,2.25,0.047686488,0.036708832,-1.26539131334857,5.38565181019958,4.131851491473
19,"walleye pollock",159.565784927796,916.45934833805,224.740542151825,1634.73813507062,11,65,7.81,36.44,0.04894533,0.03976172,1.7480614290825,5.07870373353382,6.82160827195864
19,"Pacific cod",682.394009806451,297.270842408226,347.326292416457,176.048722238374,17,7,33.4,11.82,0.04894533,0.03976172,-0.830963567462365,6.52707157436102,5.69800194087744
19,"sablefish",1755.6322533733,2355.53190354944,1123.70271075913,1634.73813507062,55,65,85.93,93.66,0.04894533,0.03976172,0.293937512972601,7.47115376256534,7.76494628480363
19,"Pacific ocean perch",702.416349016341,785.076701913298,796.807376720108,905.393428654495,39,36,34.38,31.216,0.04894533,0.03976172,0.11125510446839,6.55594896261359,6.66705437279951
19,"BS/RE rockfish",99.2944577143519,76.0530480069776,143.016708642071,100.599269850499,7,4,4.86,3.024,0.04894533,0.03976172,-0.266658659052778,4.60811043635594,4.34449411980235
19,"shortspine thornyhead",166.103691608576,339.271037570809,306.46437566158,1031.14251596762,15,41,8.13,13.49,0.04894533,0.03976172,0.714187067202282,5.11861452756903,5.82974246936541
19,"Greenland turbot",114.004747746108,66.1440199267034,20.4309583774387,25.1498174626249,1,1,5.58,2.63,0.04894533,0.03976172,-0.544405609661209,4.74497341225982,4.20683986355612
19,"arrowtooth flounder",2045.95617191671,3145.38707078064,2676.45554744447,3495.82462730486,131,139,100.14,125.066,0.04894533,0.03976172,0.430071711599886,7.62410917454624,8.05401011189883
19,"Kamchatka flounder",398.19937877628,793.074343866412,429.050125926212,679.045071490871,21,27,19.49,31.534,0.04894533,0.03976172,0.688964135838158,5.98946098826445,6.67717708893749
19,"flathead sole",499.332622744601,876.722636747103,1716.20050370485,2514.98174626249,84,100,24.44,34.86,0.04894533,0.03976172,0.562918226330817,6.2152731227337,6.77733064025
19,"skates",686.888820649488,2938.00167598384,245.171500529264,679.045071490871,12,27,33.62,116.82,0.04894533,0.03976172,1.45331248117403,6.53362722698181,7.98582523667525
6,"walleye pollock",3219.76101624589,704.715669907447,3981.23120211923,781.329353762492,200,36,161.747,32.47,0.050235716,0.04607532,-1.51926800085987,8.07737295106348,6.55921242253205
6,"Pacific cod",1453.54751189373,1947.89748611621,676.809304360268,1041.77247168332,34,48,73.02,89.75,0.050235716,0.04607532,0.292743450234635,7.28245014284949,7.57501909992834
6,"sablefish",239.869179927683,464.456893625481,159.249248084769,260.443117920831,8,12,12.05,21.4,0.050235716,0.04607532,0.660775061184879,5.48425396423269,6.14301949012095
6,"Pacific ocean perch",17315.230462725,17270.3738140072,21618.0854275074,22246.1829890709,1086,1025,869.843,795.738,0.050235716,0.04607532,-0.00259395056455808,9.75939951770898,9.75680571713766
6,"BS/RE rockfish",50.1635131467022,175.58206866496,59.7184680317884,238.739524760761,3,11,2.52,8.09,0.050235716,0.04607532,1.25281862864081,3.93502664414779,5.17378574657618
6,"arrowtooth flounder",1499.21223378204,825.257426318472,1313.80629669934,542.58982900173,66,25,75.314,38.024,0.050235716,0.04607532,-0.596999702093635,7.31336186626968,6.7169063791055
6,"Kamchatka flounder",304.962310082333,209.786931485229,278.686184148346,217.035931600692,14,10,15.32,9.666,0.050235716,0.04607532,-0.374095791795815,5.7234619247008,5.35084781989359
6,"flathead sole",763.540426098436,1480.7927541252,3523.38961387551,6684.70669330132,177,308,38.357,68.228,0.050235716,0.04607532,0.662366796380479,6.63927490310571,7.30100795405644
6,"skates",294.013924276505,843.032669116568,39.8123120211923,151.925152120484,2,7,14.77,38.843,0.050235716,0.04607532,1.05337858294953,5.6870225561632,6.73819120133093
14,"walleye pollock",1378.45177442187,517.120351670608,2130.92105250296,815.117846861413,109,34,70.51,21.57,0.05115159,0.04171176,-0.980440609806053,7.22944143430895,6.25020755440537
14,"Pacific cod",1164.18668510598,840.530344440033,586.49203279898,407.558923430706,30,17,59.55,35.06,0.05115159,0.04171176,-0.325744942784389,7.06063659788815,6.73522207292134
14,"sablefish",3740.45068784763,1918.88330772904,3558.05166564715,1582.28758508392,182,66,191.33,80.04,0.05115159,0.04171176,-0.667462702657547,8.22722869965209,7.56001968595036
14,"Pacific ocean perch",2544.00694093771,17719.9907172462,2795.61202300847,22895.2218750779,143,955,130.13,739.132,0.05115159,0.04171176,1.94095304748919,7.84188865626488,9.78250513214733
14,"BS/RE rockfish",154.833896658931,107.499659568429,215.047078692959,143.84432591672,11,6,7.92,4.484,0.05115159,0.04171176,-0.364865227092589,5.04879067497772,4.68674703535742
14,"arrowtooth flounder",809.163507918327,823.173129112749,742.889908212042,743.195683903053,38,31,41.39,34.336,0.05115159,0.04171176,0.0171655342114785,6.69723608892273,6.71438061598639
14,"Kamchatka flounder",255.710526300355,202.556784945061,234.596813119592,287.68865183344,12,12,13.08,8.449,0.05115159,0.04171176,-0.233025781334513,5.5479490932707,5.31594500745688
14,"flathead sole",700.466984506249,1178.82822494184,3303.90511810092,4866.73302684902,169,203,35.83,49.171,0.05115159,0.04171176,0.520528961028241,6.55317383429562,7.07312413477988
14,"skates",370.858462073222,839.571382267255,117.298406559796,215.76648887508,6,9,18.97,35.02,0.05115159,0.04171176,0.817071016434615,5.91851330357512,6.73408187757947
34,"walleye pollock",109757.522249311,43254.9719445635,186848.667130398,79505.1835226712,8488,3102,4985.97,1687.65,0.045427137,0.039016324,-0.931161404437082,11.6060379793971,10.674890582471
34,"Pacific cod",274.065257513367,300.387089260382,110.066368479264,25.6302977184627,5,1,12.45,11.72,0.045427137,0.039016324,0.0917056963341073,5.61700836956398,5.70839544937704
34,"arrowtooth flounder",3867.77621490872,1681.37316062887,3962.3892652535,1691.59964941854,180,66,175.702,65.601,0.045427137,0.039016324,-0.833068903335284,8.26069351247682,7.42796067123513
34,"flathead sole",2196.92471484611,1832.23309299974,12239.3801748941,11174.8098052497,556,436,99.8,71.487,0.045427137,0.039016324,-0.181523033234247,7.69526888271459,7.51383640451204
34,"skates",1225.91921212204,501.072320395945,198.119463262675,128.151488592313,9,5,55.69,19.55,0.045427137,0.039016324,-0.894695776074245,7.11226160075192,6.21874417384919
34,"snow crab",11.2047563111891,12.8664094546683,22.0132736958528,25.6302977184627,1,1,0.509,0.502,0.045427137,0.039016324,0.138281638237164,2.50182573733581,2.62946932948488
35,"walleye pollock",24430.3922379986,23918.9259061374,33865.4400693673,33530.1795118069,1591,1391,1147.741,992.277,0.046980048,0.041485015,-0.021157916243431,10.1036241514941,10.0824671104903
35,"Pacific cod",754.575644537443,933.108015026631,191.570685496107,144.630537074652,9,6,35.45,38.71,0.046980048,0.041485015,0.212365434860375,6.62747990183289,6.83959207932227
35,"arrowtooth flounder",1998.06096409267,2742.65297963614,2022.13501357002,2772.08529393083,95,115,93.869,113.779,0.046980048,0.041485015,0.316748500380622,7.60043283133035,7.91704551570121
35,"Kamchatka flounder",288.058454090979,0,297.998844105055,0,14,0,13.533,0,0.046980048,0,-Inf,5.66662893095056,0
35,"flathead sole",7004.10097495005,6943.95313584917,33099.1573273829,34277.4372866926,1555,1422,329.053,288.07,0.046980048,0.041485015,-0.00862460260877475,8.85439387336387,8.84577050726779
35,"skates",3415.9181787128,2432.7820539537,574.71205648832,530.311969273724,27,22,160.48,100.924,0.046980048,0.041485015,-0.339410842622537,8.13649430647092,7.79720172720212
35,"snow crab",1.04299595436769,5.25490951371236,21.2856317217896,48.210179024884,1,2,0.049,0.218,0.046980048,0.041485015,1.61706548792742,0.714417335592552,1.8333666775812
37,"walleye pollock",57962.9671645758,47774.6744727562,97282.3428001072,85216.5925453732,4322,3049,2575.143,1709.35,0.044427384,0.035779417,-0.193308633111753,10.967576840686,10.7742718867013
37,"Pacific cod",539.30701839208,494.977321737803,157.5604811663,111.796120098883,7,4,23.96,17.71,0.044427384,0.035779417,-0.0857730693026718,6.29213753057146,6.20653020337681
37,"Greenland turbot",397.052412539077,0,67.5259204998431,0,3,0,17.64,0,0.044427384,0,-Inf,5.98658368641077,0
37,"arrowtooth flounder",1559.26353890204,710.268700018226,1147.94064849733,614.878660543854,51,22,69.274,25.413,0.044427384,0.035779417,-0.786325549155554,7.35261002116926,6.56705027686044
37,"flathead sole",36874.0594764706,38530.3371488697,79815.6380308145,104697.066472604,3546,3746,1638.218,1378.593,0.044427384,0.035779417,0.0439376002829924,10.5152907065621,10.5592271411153
37,"skates",597.154223620279,1341.27395088634,90.0345606664574,279.490300247206,4,10,26.53,47.99,0.044427384,0.035779417,0.809199739870341,6.39384861973096,7.2021204329776
36,"walleye pollock",76916.5326185205,29525.8355060659,417403.230651235,144077.981833899,18786,5493,3461.77,1125.678,0.045006839,0.038125187,-0.957455182001218,11.2504891219459,10.2930548069932
36,"Pacific cod",775.882083165183,1027.6670905247,177.750763611726,236.064415893881,8,9,34.92,39.18,0.045006839,0.038125187,0.281045997712059,6.6552885797329,6.93601915630096
36,"Greenland turbot",112.205169529902,111.999450651875,22.2188454514657,26.2293795437646,1,1,5.05,4.27,0.045006839,0.038125187,-0.00183509987966963,4.72920183195165,4.72738295721269
36,"Kamchatka flounder",238.252679776067,593.41348279813,244.407299966123,472.128831787763,11,18,10.723,22.624,0.045006839,0.038125187,0.912559638643219,5.47752023100625,6.38757517618487
36,"flathead sole",1327.79820417959,2773.62573985539,4799.2706175166,8026.19014039197,216,306,59.76,105.745,0.045006839,0.038125187,0.736633310827217,7.1920302068379,7.92827114856438
36,"skates",1022.51126767645,549.243207646431,222.188454514657,262.293795437646,10,10,46.02,20.94,0.045006839,0.038125187,-0.621475562997763,6.9309944140065,6.31036037620758
36,"snow crab",45.9041347027282,70.8193247681644,466.59575448078,681.96386813788,21,26,2.066,2.7,0.045006839,0.038125187,0.433576718479902,3.84810583153925,4.27415358702949
38,"walleye pollock",16896.4883634678,17810.2100778981,39473.607476014,58388.871144283,1814,2220,776.474,677.161,0.045954756,0.038020944,0.0526660815404718,9.7349202723202,9.78758331770939
38,"Pacific cod",51.5724640122124,259.856777885368,21.7605333384862,26.3012933082356,1,1,2.37,9.88,0.045954756,0.038020944,1.61714273807737,3.96219248480413,5.56397151297352
38,"arrowtooth flounder",1483.28499448458,1022.14716183796,1153.30826693977,841.641385863539,53,32,68.164,38.863,0.045954756,0.038020944,-0.37235374360513,7.30268845009001,6.93063860881978
38,"Kamchatka flounder",108.976750959139,199.416405863042,130.563200030917,131.506466541178,6,5,5.008,7.582,0.045954756,0.038020944,0.604260564760983,4.7002689885369,5.30039723144395
38,"flathead sole",225.700251786779,270.140583568888,631.055466816101,657.53233270589,29,25,10.372,10.271,0.045954756,0.038020944,0.179734703971887,5.42362866817356,5.60263744492778
38,"skates",676.317376160152,1275.61272544943,413.450133431238,289.314226390591,19,11,31.08,48.5,0.045954756,0.038020944,0.634519453908628,6.51813996093408,7.15196554100776
38,"snow crab",176.260320041738,155.309136985131,391.689600092752,368.218106315298,18,14,8.1,5.905,0.045954756,0.038020944,-0.12654443056443,5.1776193868019,5.05183569371711
39,"walleye pollock",7602.89032478999,6063.22288750536,11984.1014661406,9005.99144270165,598,370,379.38,249.1,0.049899444,0.041083761,-0.226286992556431,8.93641528014686,8.71016168250183
39,"Pacific cod",235.273162562693,326.64974367853,60.1209103652538,97.3620696508287,3,4,11.74,13.42,0.049899444,0.041083761,0.328141243617596,5.4649886041614,5.79194518318253
39,"Greenland turbot",88.1773352023722,0,20.0403034550846,0,1,0,4.4,0,0.049899444,0,-Inf,4.49062691764021,0
39,"arrowtooth flounder",94.5902323079993,109.483647322357,100.201517275423,97.3620696508287,5,4,4.72,4.498,0.049899444,0.041083761,0.146220980413671,4.56007064232692,4.70486752197353
39,"Kamchatka flounder",219.240919798625,118.587000834709,220.44333800593,121.702587063536,11,5,10.94,4.872,0.049899444,0.041083761,-0.614524340112228,5.39472203717246,4.78404414693649
39,"flathead sole",135.793096211653,108.315302486547,781.571834748299,754.556039793922,39,31,6.776,4.45,0.049899444,0.041083761,-0.226085934697593,4.9184695376259,4.69423638983427
39,"skates",397.198814479777,497.763581089862,180.362731095761,316.426726365193,9,13,19.82,20.45,0.049899444,0.041083761,0.22568828006098,5.98695141442771,6.2121321980887
39,"snow crab",594.475561691629,593.227090382499,1723.46609713727,2093.28449749282,86,86,29.664,24.372,0.049899444,0.041083761,-0.00210233052318597,6.38936034965205,6.38726155334317
40,"walleye pollock",32214.6802959727,23700.80745579,37205.4556837782,29844.189367212,1653,1208,1431.265,959.335,0.044428968,0.040476891,-0.306913141042598,10.3802085787166,10.0733065881727
40,"Pacific cod",508.677131550749,422.957385733998,90.0313507169467,98.8218190967285,4,4,22.6,17.12,0.044428968,0.040476891,-0.184542065105542,6.23377744985084,6.04963294483661
40,"arrowtooth flounder",4643.65951511635,3325.89773260995,4884.20077639436,3063.47639199858,217,124,206.313,134.622,0.044428968,0.040476891,-0.333763111553705,8.44347334718696,8.10979553692564
40,"flathead sole",40389.3918940454,25542.0555892003,90368.9682821352,58428.4005409407,4015,2365,1794.459,1033.863,0.044428968,0.040476891,-0.458240841151987,10.6063472112597,10.1481207617882
40,"skates",1133.04454877277,2359.61798548214,337.61756518855,543.520005032007,15,22,50.34,95.51,0.044428968,0.040476891,0.733591434798579,7.03354576814815,7.76667872199591
40,"snow crab",118.593796731898,133.014168504197,247.586214471603,370.581821612732,11,15,5.269,5.384,0.044428968,0.040476891,0.11475147157438,4.78410097338125,4.89794552946729
31,"walleye pollock",39627.0736331402,41768.7361718682,56826.7519950149,60253.5071340056,2641,2506,1841.652,1737.201,0.04647459,0.04159094,0.0526355589492154,10.5872930762001,10.6399273412603
31,"Pacific cod",290.481314628058,205.092743756212,64.5514032506796,48.0873959569079,3,2,13.5,8.53,0.04647459,0.04159094,-0.348076967405813,5.67497590297463,5.32832627988318
31,"Pacific ocean perch",4.84135524380097,0,21.5171344168932,0,1,0,0.225,0,0.04647459,0,-Inf,1.76496283221253,0
31,"Greenland turbot",239.270534715852,197.639197382892,43.0342688337864,48.0873959569079,2,2,11.12,8.22,0.04647459,0.04159094,-0.191151723219365,5.48176551648028,5.29149010063039
31,"arrowtooth flounder",881.23424004386,1181.81988673495,710.065435757475,1178.14120094424,33,49,40.955,49.153,0.04647459,0.04159094,0.29348733593775,6.78245759902814,7.0756566011063
31,"flathead sole",882.632853780959,1454.47542181062,5314.73220097262,6756.27913194556,247,281,41.02,60.493,0.04647459,0.04159094,0.499491259754157,6.78404165258964,7.28308787661961
31,"skates",1157.5572802256,3136.25996430954,301.239881836505,553.005053504441,14,23,53.797,130.44,0.04647459,0.04159094,0.996719003924909,7.05493078609046,8.051105075114
21,"walleye pollock",4648.54089009526,1186.28695479968,3843.97291709995,1051.57204905578,173,37,209.21,41.74,0.04500552,0.035185416,-1.3657251602012,8.4445237603941,7.07942611332905
21,"sablefish",411.060687666757,327.124169854919,222.194966306355,198.946063334877,10,7,18.5,11.51,0.04500552,0.035185416,-0.228401039005182,6.02117063866396,5.79339210337673
21,"Pacific ocean perch",285.476092710405,139.546452996321,377.731442720804,227.366929525574,17,8,12.848,4.91,0.04500552,0.035185416,-0.715760745052671,5.657655086636,4.9455380604373
21,"Greenland turbot",1024.3187946723,1735.09388094204,177.755973045084,312.629528097664,8,11,46.1,61.05,0.04500552,0.035185416,0.527033720899416,6.93275886240855,7.45939297264175
21,"arrowtooth flounder",5180.07568849332,7787.9425953071,4421.67982949647,6565.22009005095,199,231,233.132,274.022,0.04500552,0.035185416,0.407757048724015,8.55276797556608,8.96046039092323
21,"Kamchatka flounder",263.923180978689,526.922859175517,111.097483153178,227.366929525574,5,8,11.878,18.54,0.04500552,0.035185416,0.691396080889346,5.57943990086271,6.26895017298624
21,"flathead sole",688.360005617089,302.227491071869,2621.90060241499,1079.99291524648,118,38,30.98,10.634,0.04500552,0.035185416,-0.82313194956127,6.53576363907978,5.71448331942006
21,"skates",2958.12602542977,7879.45778444114,977.657851747963,1335.78071096275,44,47,133.132,277.242,0.04500552,0.035185416,0.979703124094387,7.99264924204066,8.97214127563673
29,"walleye pollock",195.476190602406,30.0921672485373,154.6139360697,26.6302365031304,7,1,8.85,1.13,0.045274056,0.0375513,-1.87117367121926,5.28054125655017,3.43695593050368
29,"Pacific ocean perch",28.9348937501866,17.5759560920661,44.1754103056285,26.6302365031304,2,1,1.31,0.66,0.045274056,0.0375513,-0.498516426098398,3.39902481502031,2.92186806126121
29,"Greenland turbot",388.964487741059,70.5701267332955,132.526230916885,26.6302365031304,6,1,17.61,2.65,0.045274056,0.0375513,-1.70688112743366,5.96605567790354,4.27067776250897
29,"arrowtooth flounder",434.244283304328,538.197079728265,353.403282445028,426.083784050086,16,16,19.66,20.21,0.045274056,0.0375513,0.214617571772837,6.07590744428135,6.2900811436492
29,"Kamchatka flounder",1165.56820091401,405.045897212613,1236.9114885576,372.823311043825,56,14,52.77,15.21,0.045274056,0.0375513,-1.05696358607005,7.06182155603102,6.00646620053407
29,"flathead sole",1330.12160430247,622.348627078157,3754.90987597842,1810.85608221287,170,68,60.22,23.37,0.045274056,0.0375513,-0.759525219426494,7.19377717733406,6.43510595629904
29,"skates",2388.12268112227,1426.84807183773,3666.55905536716,1944.00726472852,166,73,108.12,53.58,0.045274056,0.0375513,-0.515039702215457,7.77868149850722,7.26392374496897
29,"snow crab",0.618455744278798,1.4912932441753,22.0877051528142,26.6302365031304,1,1,0.028,0.056,0.045274056,0.0375513,0.880173335636273,0.481472450345689,0.912801950818818
33,"walleye pollock",16445.4687108409,11361.6289340338,19738.6530879024,14690.1585235461,884,632,736.514,488.8,0.044785224,0.043022,-0.369808185864448,9.70786606511505,9.33808508575106
33,"Pacific cod",1164.22327149687,547.161917158663,245.616723944487,116.219608572358,11,5,52.14,23.54,0.044785224,0.043022,-0.755064655847513,7.06066799699094,6.3065707125732
33,"Pacific ocean perch",15.2282368845582,0,22.3287930858624,0,1,0,0.682,0,0.044785224,0,-Inf,2.7867527425114,0
33,"Greenland turbot",345.873004900009,233.60141323044,66.9863792575873,46.4878434289433,3,2,15.49,10.05,0.044785224,0.043022,-0.39245536909798,5.84895873284454,5.4578879602014
33,"arrowtooth flounder",1497.14557640708,1129.46864394961,1518.35792983865,1069.2203988657,68,46,67.05,48.592,0.044785224,0.043022,-0.281813050598583,7.31198333986751,7.03038755488896
33,"Kamchatka flounder",196.270091224731,257.077774162057,178.630344686899,69.731765143415,8,3,8.79,11.06,0.044785224,0.043022,0.269886935222815,5.28457381119157,5.55326098973515
33,"flathead sole",1507.19353329571,1114.08116777463,9690.69619926429,5857.46827204686,434,252,67.5,47.93,0.044785224,0.043022,-0.302219333881232,7.31866787806257,7.01668247745513
33,"skates",959.914814761226,2631.67681651248,178.630344686899,395.146669146018,8,17,42.99,113.22,0.044785224,0.043022,1.00853194892604,6.86788576275333,7.87575640851892
23,"walleye pollock",8490.49162317657,5391.67795951383,8159.94132815316,5443.48658180558,393,228,408.92,225.83,0.048162111,0.04188492,-0.454090258575502,9.0468199556492,8.59279737901944
23,"sablefish",389.517809964767,249.731884410905,166.105675891159,95.4997645930803,8,4,18.76,10.46,0.048162111,0.04188492,-0.444521709457203,5.96747357634412,5.52438417861268
23,"Pacific ocean perch",226.941879686295,921.572728323225,249.158513836738,1074.37235167215,12,45,10.93,38.6,0.048162111,0.04188492,1.40138774976644,5.42909068280183,6.82716621109787
23,"Greenland turbot",374.98356332429,307.986740812684,62.2896284591844,47.7498822965401,3,2,18.06,12.9,0.048162111,0.04188492,-0.196825461137114,5.92954542787133,5.73329836598577
23,"arrowtooth flounder",2752.16341742163,2281.53712601098,1557.24071147961,1527.99623348928,75,64,132.55,95.562,0.048162111,0.04188492,-0.187537905753237,7.92050586314174,7.73304287784001
23,"Kamchatka flounder",57.0988260875857,25.7849364401317,83.0528379455793,47.7498822965401,4,2,2.75,1.08,0.048162111,0.04188492,-0.794993095058253,4.06214545862079,3.28783965636508
23,"flathead sole",1207.17299953899,1129.57121560695,4837.82781032999,4154.23975979899,233,174,58.14,47.312,0.048162111,0.04188492,-0.06644315653651,7.09686457977987,7.03047828452116
23,"skates",1906.06263085104,2276.28463895836,249.158513836738,334.249176075781,12,14,91.8,95.342,0.048162111,0.04188492,0.177504904968325,7.55331944766785,7.73073906438128
22,"walleye pollock",10992.5522167944,143145.370164084,13236.6874947071,178826.993937027,666,7802,553.087,6245.255,0.050314703,0.04362876,2.56664271619027,9.30506421781073,11.8716229533349
22,"Pacific cod",12273.9867907001,2253.33014277738,1967.61570867267,412.571890651946,99,18,617.562,98.31,0.050314703,0.04362876,-1.69507294230605,9.4153188765481,7.72060815360672
22,"Pacific ocean perch",5708.72891766846,284.193270677416,8009.58717772815,343.809908876622,403,15,287.233,12.399,0.050314703,0.04362876,-3.00009713424722,8.6499268265088,5.65316709316155
22,"Greenland turbot",410.21806289903,152.193186329385,79.4996245928352,22.9206605917748,4,1,20.64,6.64,0.050314703,0.04362876,-0.991538202489698,6.01912364045981,5.03169978066066
22,"arrowtooth flounder",1947.99917630439,1687.37319144528,1470.74305496745,1191.87435077229,74,52,98.013,73.618,0.050314703,0.04362876,-0.143629787247811,7.57507127688274,7.43152073569965
22,"Kamchatka flounder",116.307950779318,0,79.4996245928352,0,4,0,5.852,0,0.050314703,0,-Inf,4.76480253494223,0
22,"flathead sole",792.631132096715,471.363385069849,3020.98573452774,2039.93879266796,152,89,39.881,20.565,0.050314703,0.04362876,-0.519728643687227,6.67661878415374,6.15774857299974
22,"skates",1474.12178901265,1613.84371226686,238.498873778506,229.206605917748,12,10,74.17,70.41,0.050314703,0.04362876,0.0905563174178966,7.29649583418744,7.38699345838381
24,"walleye pollock",3563.41672169737,2877.48929557419,2963.78532191494,2299.13862771313,144,98,173.134,122.652,0.048586515,0.042624659,-0.213801696317746,8.17875570703532,7.96502088535758
24,"Pacific ocean perch",179.967630936279,229.444650806473,246.982110159578,328.44837538759,12,14,8.744,9.78,0.048586515,0.042624659,0.242884820869771,5.19831818066682,5.44001070694864
24,"shortspine thornyhead",1863.80933063423,756.369687321135,6750.84434436181,2181.83563650327,328,93,90.556,32.24,0.048586515,0.042624659,-0.901847438532349,7.53091409126664,6.62985149264558
24,"Greenland turbot",153.128908298939,0,20.5818425132982,0,1,0,7.44,0,0.048586515,0,-Inf,5.03778931914476,0
24,"arrowtooth flounder",2365.26534162823,1368.83206502602,2037.60240881652,1571.86008221204,99,67,114.92,58.346,0.048586515,0.042624659,-0.546932341873357,7.7690681860221,7.22244343103562
24,"flathead sole",1826.84434148035,1763.11087908058,8315.06437537247,10744.9539948226,404,458,88.76,75.152,0.048586515,0.042624659,-0.0355102810824717,7.51089259602538,7.47540209121299
24,"skates",108.877946895347,424.214537411314,61.7455275398946,304.987777145619,3,13,5.29,18.082,0.048586515,0.042624659,1.36001181014225,4.69937017608115,6.05259383546781
25,"walleye pollock",22754.6639338503,6990.4273603503,25797.7973773489,7525.81427839649,1307,307,1152.825,285.16,0.05066324,0.040792928,-1.1802284392704,10.032569357518,8.85244001471804
25,"Pacific cod",539.444378211895,283.137312428272,98.690885146706,73.5421590722784,5,3,27.33,11.55,0.05066324,0.040792928,-0.644607697712897,6.29239172375777,5.64945761578116
25,"Pacific ocean perch",15.5142071450622,25.7397556752974,19.7381770293412,49.0281060481856,1,2,0.786,1.05,0.05066324,0.040792928,0.506280515981639,2.8042210495197,3.28615143458259
25,"Greenland turbot",283.44022214134,380.703243464161,59.2145310880236,73.5421590722784,3,3,14.36,15.53,0.05066324,0.040792928,0.295018938799794,5.65052311599286,5.94464345713232
25,"arrowtooth flounder",1659.38854285671,1609.54369345589,1815.91228669939,1765.01181773468,92,72,84.07,65.658,0.05066324,0.040792928,-0.0304984682235676,7.41480691592424,7.38432709877013
25,"Kamchatka flounder",222.212396996323,88.0054503564932,375.025363557483,49.0281060481856,19,2,11.258,3.59,0.05066324,0.040792928,-0.926234919282371,5.40812377106297,4.48869760781765
25,"flathead sole",307.836608949605,518.27610903537,1815.91228669939,3530.02363546936,92,144,15.596,21.142,0.05066324,0.040792928,0.520938977485397,5.7328123634218,6.25243574369793
25,"skates",2647.28430317524,2323.19680509328,572.407133850895,661.879431650506,29,27,134.12,94.77,0.05066324,0.040792928,-0.130590152856647,7.88166727654111,7.75112979816141
32,"walleye pollock",2213.33079044967,6073.92708017204,2143.60935486712,7046.00871255329,99,237,102.22,204.303,0.046183788,0.033636064,1.00950683538511,7.70270551062209,8.71192526487285
32,"sablefish",3660.80842047863,1361.63375120228,1450.72552299088,594.599891354708,67,20,169.07,45.8,0.046183788,0.033636064,-0.988998736507068,8.20571240832216,7.21717468773945
32,"Pacific ocean perch",63.4421758561684,340.765197735383,108.263098730663,475.679913083766,5,16,2.93,11.462,0.046183788,0.033636064,1.68106479582224,4.16576832335276,5.83412394494559
32,"shortspine thornyhead",107.180467743356,0,108.263098730663,0,5,0,4.95,0,0.046183788,0,-Inf,4.68380083018468,0
32,"Greenland turbot",1231.60101116002,0,324.789296191988,0,15,0,56.88,0,0.046183788,0,-Inf,7.11688185887506,0
32,"arrowtooth flounder",6432.77680037852,3518.21782715124,3789.2084555732,2586.50952739298,175,87,297.09,118.339,0.046183788,0.033636064,-0.603451733494964,8.76931701655044,8.16599403570457
32,"Kamchatka flounder",26.4161960902817,0,21.6526197461326,0,1,0,1.22,0,0.046183788,0,-Inf,3.31113393694977,0
32,"flathead sole",2105.71727031139,2407.44577011151,6604.04902257043,6600.05879403726,305,222,97.25,80.977,0.046183788,0.033636064,0.133910183956658,7.65288621890173,7.78673690977423
32,"skates",983.245462671879,1634.55510133409,238.178817207458,208.109961974148,11,7,45.41,54.98,0.046183788,0.033636064,0.508267140348908,6.89187531987863,7.39973753722968
32,"snow crab",1.34246242426022,2.37839956541883,43.3052394922651,29.7299945677354,2,1,0.062,0.08,0.046183788,0.033636064,0.571922252350458,0.851202694131013,1.21740209600239
26,"walleye pollock",54.8012394884228,41.5095915873894,92.491543440376,52.2133227514333,4,2,2.37,1.59,0.043247197,0.0383044,-0.277788288980414,4.02179608219473,3.74972973487664
26,"sablefish",2564.32804188443,1650.46313217281,1318.00449402536,913.733148150082,57,35,110.9,63.22,0.043247197,0.0383044,-0.440640537634364,7.84984164100032,7.40941692073837
26,"Greenland turbot",461.301572908876,164.733033280772,138.737315160564,52.2133227514333,6,2,19.95,6.31,0.043247197,0.0383044,-1.02972581684827,6.13621743334374,5.1103782605129
26,"arrowtooth flounder",178.971136557128,52.4743893651904,184.983086880752,52.2133227514333,8,2,7.74,2.01,0.043247197,0.0383044,-1.22689931559617,5.19279648557198,3.9792028358325
26,"Kamchatka flounder",323.489173182715,227.650087196249,277.474630321128,156.6399682543,12,6,13.99,8.72,0.043247197,0.0383044,-0.351355900822016,5.7822521709734,5.43219283145649
26,"flathead sole",311.696501394067,171.781831852215,462.45771720188,287.173275132883,20,11,13.48,6.58,0.043247197,0.0383044,-0.59580471021245,5.74523307602278,5.15202971109826
26,"skates",676.529394494631,759.756059356105,439.334831341786,469.919904762899,19,18,29.258,29.102,0.043247197,0.0383044,0.116021509716678,6.51845293852062,6.63431275372217
28,"walleye pollock",3049.61606331469,4742.68160545684,3485.96239007198,5227.67882411275,87,191,76.11,173.28,0.02495724,0.036536292,0.441587013469327,8.02309883717666,8.46456882321799
28,"sablefish",1025.75445041198,248.246319029857,400.685332192181,109.480184798173,10,4,25.6,9.07,0.02495724,0.036536292,-1.41876219486252,6.93415808729232,5.51844164054777
28,"Pacific ocean perch",3048.41400731812,6079.76310239693,7372.61011233614,16531.5079045241,184,604,76.08,222.132,0.02495724,0.036536292,0.69034427402436,8.02270472239421,8.71288547734711
28,"shortspine thornyhead",99.7706477158532,41.0550692993148,40.0685332192181,27.3700461995432,1,1,2.49,1.5,0.02495724,0.036536292,-0.887959709872505,4.61284711993716,3.73897993323886
28,"Greenland turbot",587.404696993738,424.78311701691,120.205599657654,82.1101385986295,3,3,14.66,15.52,0.02495724,0.036536292,-0.324135289207486,6.37741497134963,6.05393010164255
28,"arrowtooth flounder",23699.4555487706,5527.92823092174,16708.578352414,4707.64794632143,417,172,591.473,201.97,0.02495724,0.036536292,-1.45563897169933,10.0732495484056,8.6177492657729
28,"flathead sole",2848.27168388812,1790.00102145012,14745.2202246723,13192.3622681798,368,482,71.085,65.4,0.02495724,0.036536292,-0.464496193128562,7.95481869109142,7.49052997238446
28,"skates",10332.2322500405,5718.75219302495,1121.91893013811,875.841478385382,28,32,257.864,208.942,0.02495724,0.036536292,-0.591517720170404,9.24312041249718,8.65168076053764
28,"snow crab",12.1808340986423,9.79847653943646,120.205599657654,191.590323396802,3,7,0.304,0.358,0.02495724,0.036536292,-0.217636822509575,2.57876381224966,2.37940506301682
30,"sablefish",552.584171077072,347.892261823018,241.590853809531,241.778405900167,11,9,25.16,12.95,0.045531525,0.037224168,-0.462712928251072,6.31641381118708,5.85476316916494
30,"Pacific ocean perch",17.8337975721217,0,65.8884146753266,0,3,0,0.812,0,0.045531525,0,-Inf,2.93565299902765,0
30,"shortspine thornyhead",6.80846951645042,19.8795578184582,21.9628048917755,26.8642673222408,1,1,0.31,0.74,0.045531525,0.037224168,1.07152460415464,2.055208980045,3.03877058551329
30,"Greenland turbot",53.5892439359323,74.9513058290517,21.9628048917755,26.8642673222408,1,1,2.44,2.79,0.045531525,0.037224168,0.335490271963785,3.9998368658339,4.33009242216655
30,"arrowtooth flounder",129.800176910393,26.6493531836628,131.776829350653,26.8642673222408,6,1,5.91,0.992,0.045531525,0.037224168,-1.58323128767965,4.87367079154813,3.3196023346988
30,"Kamchatka flounder",499.873439336811,255.210539561287,439.256097835511,241.778405900167,20,9,22.76,9.5,0.045531525,0.037224168,-0.672266095216014,6.21635345307786,5.54599952663869
30,"flathead sole",687.216165063656,661.129618800345,1229.91707393943,1155.16349485635,56,43,31.29,24.61,0.045531525,0.037224168,-0.0386989778422054,6.53410298199141,6.49546133556299
30,"skates",1839.60453773512,2071.8797529605,988.326220129899,1423.80616807876,45,53,83.76,77.124,0.045531525,0.037224168,0.118905665050489,7.51784934975819,7.63669410446319
27,"walleye pollock",65879.1104224158,60871.1672874153,97519.853215935,89675.7788422425,4208,3652,2842.696,2478.947,0.043150188,0.040724486,-0.0790617831694553,11.0955918604046,11.0165313260359
27,"Pacific cod",294.552598473036,474.407460906935,69.5246101824632,73.6657547992134,3,3,12.71,19.32,0.043150188,0.040724486,0.476608984829073,5.68884681922305,6.16417224875948
27,"arrowtooth flounder",2083.490343078,671.905349523626,1923.51421504815,810.323302791348,83,33,89.903,27.363,0.043150188,0.040724486,-1.13168233422017,7.64227966458189,6.51160468011605
27,"Kamchatka flounder",147.832496117978,115.115019499571,278.098440729853,73.6657547992134,12,3,6.379,4.688,0.043150188,0.040724486,-0.250148051739043,5.00282148644546,4.75458124725804
27,"flathead sole",428.688746385068,606.318272500726,1923.51421504815,2062.64113437798,83,84,18.498,24.692,0.043150188,0.040724486,0.346673927645645,6.06306110096876,6.40905299054693
27,"skates",1441.80136596392,1125.36718081598,509.847141338063,319.218270796592,22,13,62.214,45.83,0.043150188,0.040724486,-0.247783915037099,7.2743418957741,7.02675284862986
10,"BS/RE rockfish",0,193.700953161094,0,172.069374635489,0,7,0,7.88,0,0.040681266,Inf,0,5.27146480790338
7,"Pacific cod",0,168.526773485248,0,59.5500966378968,0,2,0,5.66,0,0.033585168,Inf,0,5.133010870012
7,"shortspine thornyhead",0,31.5615512180853,0,59.5500966378968,0,2,0,1.06,0,0.033585168,Inf,0,3.48313218183259
1,"BS/RE rockfish",0,98.0152307827418,0,49.0076153913709,0,2,0,4,0,0.040809984,Inf,0,4.59527368459178
4,"BS/RE rockfish",0,93.1966449207829,0,109.643111671509,0,5,0,4.25,0,0.0456025,Inf,0,4.54538456439583
4,"Kamchatka flounder",0,37.4979441916562,0,21.9286223343018,0,1,0,1.71,0,0.0456025,Inf,0,3.65060484224871
11,"BS/RE rockfish",0,185.771978875427,0,289.945117531324,0,14,0,8.97,0,0.048285,Inf,0,5.22988850852252
11,"Kamchatka flounder",0,10.1480791135964,0,20.7103655379517,0,1,0,0.49,0,0.048285,Inf,0,2.41126720625727
5,"BS/RE rockfish",0,32.8333838519046,0,44.2498434661787,0,2,0,1.484,0,0.0451979,Inf,0,3.52144800297236
17,"Greenland turbot",0,56.0734881812587,0,22.7941008866905,0,1,0,2.46,0,0.043871,Inf,0,4.04433970378223
16,"shortspine thornyhead",0,22.2526934954457,0,68.9649591801004,0,3,0,0.968,0,0.043500352,Inf,0,3.14642097458984
35,"Pacific ocean perch",0,15.4272572879629,0,48.210179024884,0,2,0,0.64,0,0.041485015,Inf,0,2.798941984941
37,"Kamchatka flounder",0,390.978981015817,0,363.337390321368,0,13,0,13.989,0,0.035779417,Inf,0,5.97120821849526
37,"snow crab",0,16.7135199547829,0,335.388360296648,0,12,0,0.598,0,0.035779417,Inf,0,2.87432818725632
36,"arrowtooth flounder",0,148.222223801814,0,104.917518175058,0,4,0,5.651,0,0.038125187,Inf,0,5.00543662977252
40,"Kamchatka flounder",0,31.6476875657273,0,74.1163643225464,0,3,0,1.281,0,0.040476891,Inf,0,3.4857740282748
31,"Kamchatka flounder",0,114.856745243075,0,48.0873959569079,0,2,0,4.777,0,0.04159094,Inf,0,4.75235447312021
21,"snow crab",0,0.738942520958115,0,28.4208661906967,0,1,0,0.026,0,0.035185416,Inf,0,0.553277181897832
23,"Pacific cod",0,40.3486505405764,0,23.8749411482701,0,1,0,1.69,0,0.04188492,Inf,0,3.7220397858846
24,"sablefish",0,60.7629494467041,0,23.4605982419707,0,1,0,2.59,0,0.042624659,Inf,0,4.12330366116145
24,"Kamchatka flounder",0,89.1502733194886,0,93.8423929678828,0,4,0,3.8,0,0.042624659,Inf,0,4.50147798147489
24,"snow crab",0,2.11145384177736,0,46.9211964839414,0,2,0,0.09,0,0.042624659,Inf,0,1.13509009019988
25,"shortspine thornyhead",0,8.38380613423974,0,49.0281060481856,0,2,0,0.342,0,0.040792928,Inf,0,2.23898545195616
26,"shortspine thornyhead",0,249.318616138094,0,234.95995238145,0,9,0,9.55,0,0.0383044,Inf,0,5.52273457097404
28,"Kamchatka flounder",0,78.0046316686981,0,27.3700461995432,0,1,0,2.85,0,0.036536292,Inf,0,4.36950647946612
